Player,Date,OPP,Result,MIN,FG,FG%,3PT,3P%,FT,FT%,REB,AST,BLK,STL,PF,TO,PTS,rebounds/min,assists/min,blocks/min,stls/min,fouls/min,points/min,turnovers/min
ajare-sanni,Fri 3/11,vsLBSU,L67-64,37.0,5-14,35.7,2-6,33.3,3-3,100.0,3.0,6.0,0.0,1.0,1.0,2.0,15.0,0.08,0.16,0.0,0.03,0.03,0.41,0.05
ajare-sanni,Thu 3/10,vsUCI,W78-69,27.0,6-8,75.0,4-4,100.0,4-4,100.0,2.0,2.0,0.0,1.0,2.0,3.0,20.0,0.07,0.07,0.0,0.04,0.07,0.74,0.11
ajare-sanni,Thu 3/3,vsHAW,W67-60,24.0,2-6,33.3,1-4,25.0,2-2,100.0,3.0,3.0,0.0,1.0,2.0,1.0,7.0,0.12,0.12,0.0,0.04,0.08,0.29,0.04
ajare-sanni,Tue 3/1,vsCSUN,W70-61,20.0,2-5,40.0,2-2,100.0,2-2,100.0,1.0,2.0,0.0,0.0,2.0,1.0,8.0,0.05,0.1,0.0,0.0,0.1,0.4,0.05
ajare-sanni,Sat 2/26,@UCR,W97-90 2OT,27.0,3-7,42.9,2-4,50.0,1-2,50.0,3.0,3.0,0.0,0.0,3.0,1.0,9.0,0.11,0.11,0.0,0.0,0.11,0.33,0.04
ajare-sanni,Thu 2/24,@UCD,W76-69 OT,7.0,0-2,0.0,0-0,0.0,0-0,0.0,0.0,0.0,0.0,0.0,1.0,0.0,0.0,0.0,0.0,0.0,0.0,0.14,0.0,0.0
ajare-sanni,Sat 1/29,@HAW,L65-62,23.0,3-6,50.0,1-3,33.3,2-4,50.0,2.0,3.0,0.0,2.0,0.0,0.0,9.0,0.09,0.13,0.0,0.09,0.0,0.39,0.0
ajare-sanni,Tue 1/25,@CSUN,W72-45,27.0,2-8,25.0,1-5,20.0,1-2,50.0,4.0,4.0,0.0,1.0,1.0,1.0,6.0,0.15,0.15,0.0,0.04,0.04,0.22,0.04
ajare-sanni,Sat 1/15,@CSUF,L79-73,37.0,4-14,28.6,1-6,16.7,3-4,75.0,1.0,5.0,0.0,3.0,3.0,1.0,12.0,0.03,0.14,0.0,0.08,0.08,0.32,0.03
ajare-sanni,Thu 1/13,@LBSU,L65-58,35.0,3-13,23.1,0-5,0.0,1-2,50.0,3.0,3.0,0.0,4.0,2.0,3.0,7.0,0.09,0.09,0.0,0.11,0.06,0.2,0.09
ajare-sanni,Thu 12/30,@UCSD,L85-83 OT,38.0,11-21,52.4,4-8,50.0,3-5,60.0,7.0,5.0,0.0,2.0,3.0,2.0,29.0,0.18,0.13,0.0,0.05,0.08,0.76,0.05
ajare-sanni,Wed 12/22,vsIDST,W56-43,32.0,1-7,14.3,0-1,0.0,4-4,100.0,5.0,4.0,0.0,2.0,1.0,0.0,6.0,0.16,0.12,0.0,0.06,0.03,0.19,0.0
ajare-sanni,Sun 12/19,vsFAMU,W73-62,25.0,2-7,28.6,0-1,0.0,6-6,100.0,1.0,2.0,0.0,2.0,3.0,1.0,10.0,0.04,0.08,0.0,0.08,0.12,0.4,0.04
ajare-sanni,Tue 12/14,@PAC,L80-71 OT,35.0,7-13,53.8,4-9,44.4,0-0,0.0,5.0,0.0,0.0,1.0,3.0,3.0,18.0,0.14,0.0,0.0,0.03,0.09,0.51,0.09
ajare-sanni,Sat 12/11,@SMC,L80-59,24.0,2-8,25.0,0-3,0.0,1-2,50.0,1.0,2.0,0.0,0.0,1.0,3.0,5.0,0.04,0.08,0.0,0.0,0.04,0.21,0.12
ajare-sanni,Sun 12/5,vsCLU,W87-66,19.0,3-9,33.3,2-7,28.6,0-0,0.0,0.0,4.0,0.0,1.0,2.0,2.0,8.0,0.0,0.21,0.0,0.05,0.11,0.42,0.11
ajare-sanni,Fri 12/3,vsPEPP,W86-74,32.0,3-8,37.5,1-4,25.0,5-6,83.3,3.0,3.0,0.0,0.0,2.0,0.0,12.0,0.09,0.09,0.0,0.0,0.06,0.38,0.0
ajare-sanni,Mon 11/29,vsUTA,L70-62,22.0,0-7,0.0,0-2,0.0,2-2,100.0,1.0,2.0,0.0,0.0,4.0,3.0,2.0,0.05,0.09,0.0,0.0,0.18,0.09,0.14
ajare-sanni,Wed 11/24,vsUAPB,W86-58,24.0,4-9,44.4,1-3,33.3,3-4,75.0,5.0,1.0,0.0,1.0,1.0,0.0,12.0,0.21,0.04,0.0,0.04,0.04,0.5,0.0
ajare-sanni,Sat 11/20,vsCHIC,W81-50,18.0,2-5,40.0,1-3,33.3,5-7,71.4,5.0,2.0,0.0,0.0,1.0,0.0,10.0,0.28,0.11,0.0,0.0,0.06,0.56,0.0
ajare-sanni,Mon 11/15,@WSU,L73-65,30.0,4-17,23.5,1-6,16.7,3-4,75.0,4.0,5.0,0.0,1.0,2.0,1.0,12.0,0.13,0.17,0.0,0.03,0.07,0.4,0.03
ajare-sanni,Wed 11/10,vsSFSU,W119-65,20.0,2-7,28.6,1-5,20.0,2-2,100.0,0.0,3.0,0.0,0.0,1.0,3.0,7.0,0.0,0.15,0.0,0.0,0.05,0.35,0.15
ajay-mitchell,Fri 3/11,vsLBSU,L67-64,37.0,5-9,55.6,0-2,0.0,1-1,100.0,5.0,2.0,1.0,0.0,3.0,2.0,11.0,0.14,0.05,0.02702702702702703,0.0,0.08,0.3,0.05
ajay-mitchell,Thu 3/10,vsUCI,W78-69,33.0,1-10,10.0,0-2,0.0,5-6,83.3,2.0,3.0,0.0,1.0,3.0,3.0,7.0,0.06,0.09,0.0,0.03,0.09,0.21,0.09
ajay-mitchell,Thu 3/3,vsHAW,W67-60,34.0,3-7,42.9,0-1,0.0,1-1,100.0,2.0,2.0,0.0,0.0,5.0,1.0,7.0,0.06,0.06,0.0,0.0,0.15,0.21,0.03
ajay-mitchell,Tue 3/1,vsCSUN,W70-61,36.0,6-9,66.7,1-3,33.3,4-5,80.0,4.0,3.0,0.0,0.0,2.0,2.0,17.0,0.11,0.08,0.0,0.0,0.06,0.47,0.06
ajay-mitchell,Sat 2/26,@UCR,W97-90 2OT,43.0,11-17,64.7,2-2,100.0,6-9,66.7,1.0,4.0,0.0,1.0,4.0,5.0,30.0,0.02,0.09,0.0,0.02,0.09,0.7,0.12
ajay-mitchell,Thu 2/24,@UCD,W76-69 OT,41.0,10-15,66.7,2-3,66.7,9-12,75.0,4.0,3.0,0.0,0.0,3.0,3.0,31.0,0.1,0.07,0.0,0.0,0.07,0.76,0.07
ajay-mitchell,Sat 2/19,vsLBSU,W84-71,39.0,9-15,60.0,0-1,0.0,2-2,100.0,0.0,9.0,0.0,3.0,2.0,1.0,20.0,0.0,0.23,0.0,0.08,0.05,0.51,0.03
ajay-mitchell,Thu 2/17,vsCSUF,L67-58,33.0,2-8,25.0,0-1,0.0,2-5,40.0,2.0,3.0,0.0,1.0,4.0,1.0,6.0,0.06,0.09,0.0,0.03,0.12,0.18,0.03
ajay-mitchell,Sat 2/12,@CP,W69-64,36.0,6-11,54.5,2-3,66.7,11-12,91.7,4.0,1.0,0.0,0.0,1.0,2.0,25.0,0.11,0.03,0.0,0.0,0.03,0.69,0.06
ajay-mitchell,Thu 2/10,@CSUB,W74-62,30.0,8-12,66.7,0-1,0.0,5-6,83.3,3.0,2.0,1.0,1.0,3.0,1.0,21.0,0.1,0.07,0.03333333333333333,0.03,0.1,0.7,0.03
ajay-mitchell,Sat 2/5,vsUCSD,W84-48,19.0,5-9,55.6,0-3,0.0,0-1,0.0,4.0,2.0,0.0,0.0,4.0,1.0,10.0,0.21,0.11,0.0,0.0,0.21,0.53,0.05
ajay-mitchell,Thu 2/3,vsUCI,L53-52,38.0,4-10,40.0,0-1,0.0,0-0,0.0,1.0,1.0,0.0,2.0,2.0,1.0,8.0,0.03,0.03,0.0,0.05,0.05,0.21,0.03
ajay-mitchell,Sat 1/29,@HAW,L65-62,36.0,5-9,55.6,2-3,66.7,4-6,66.7,2.0,2.0,1.0,0.0,5.0,0.0,16.0,0.06,0.06,0.027777777777777776,0.0,0.14,0.44,0.0
ajay-mitchell,Tue 1/25,@CSUN,W72-45,26.0,0-2,0.0,0-1,0.0,0-0,0.0,2.0,8.0,0.0,0.0,3.0,1.0,0.0,0.08,0.31,0.0,0.0,0.12,0.0,0.04
ajay-mitchell,Sat 1/15,@CSUF,L79-73,36.0,1-5,20.0,0-1,0.0,3-4,75.0,2.0,5.0,0.0,1.0,4.0,4.0,5.0,0.06,0.14,0.0,0.03,0.11,0.14,0.11
ajay-mitchell,Thu 1/13,@LBSU,L65-58,37.0,6-12,50.0,1-2,50.0,2-3,66.7,2.0,2.0,0.0,1.0,4.0,1.0,15.0,0.05,0.05,0.0,0.03,0.11,0.41,0.03
ajay-mitchell,Wed 12/22,vsIDST,W56-43,37.0,5-10,50.0,0-3,0.0,4-4,100.0,3.0,2.0,0.0,1.0,3.0,1.0,14.0,0.08,0.05,0.0,0.03,0.08,0.38,0.03
ajay-mitchell,Sun 12/19,vsFAMU,W73-62,27.0,6-9,66.7,1-3,33.3,0-1,0.0,3.0,2.0,0.0,2.0,5.0,2.0,13.0,0.11,0.07,0.0,0.07,0.19,0.48,0.07
ajay-mitchell,Tue 12/14,@PAC,L80-71 OT,35.0,2-5,40.0,0-1,0.0,1-1,100.0,0.0,7.0,0.0,2.0,0.0,0.0,5.0,0.0,0.2,0.0,0.06,0.0,0.14,0.0
ajay-mitchell,Sat 12/11,@SMC,L80-59,30.0,2-3,66.7,0-0,0.0,0-0,0.0,3.0,1.0,0.0,0.0,4.0,4.0,4.0,0.1,0.03,0.0,0.0,0.13,0.13,0.13
ajay-mitchell,Sun 12/5,vsCLU,W87-66,28.0,3-5,60.0,0-2,0.0,3-5,60.0,2.0,8.0,2.0,1.0,1.0,1.0,9.0,0.07,0.29,0.07142857142857142,0.04,0.04,0.32,0.04
ajay-mitchell,Fri 12/3,vsPEPP,W86-74,26.0,1-2,50.0,0-1,0.0,2-2,100.0,1.0,4.0,0.0,1.0,2.0,4.0,4.0,0.04,0.15,0.0,0.04,0.08,0.15,0.15
ajay-mitchell,Mon 11/29,vsUTA,L70-62,28.0,0-3,0.0,0-2,0.0,0-2,0.0,1.0,4.0,1.0,0.0,4.0,2.0,0.0,0.04,0.14,0.03571428571428571,0.0,0.14,0.0,0.07
ajay-mitchell,Wed 11/24,vsUAPB,W86-58,28.0,2-3,66.7,1-1,100.0,2-2,100.0,3.0,10.0,0.0,2.0,2.0,0.0,7.0,0.11,0.36,0.0,0.07,0.07,0.25,0.0
ajay-mitchell,Sat 11/20,vsCHIC,W81-50,25.0,3-3,100.0,2-2,100.0,2-2,100.0,3.0,4.0,0.0,1.0,2.0,3.0,10.0,0.12,0.16,0.0,0.04,0.08,0.4,0.12
ajay-mitchell,Mon 11/15,@WSU,L73-65,25.0,2-3,66.7,0-1,0.0,2-3,66.7,0.0,2.0,0.0,0.0,3.0,1.0,6.0,0.0,0.08,0.0,0.0,0.12,0.24,0.04
ajay-mitchell,Wed 11/10,vsSFSU,W119-65,23.0,4-5,80.0,2-3,66.7,1-1,100.0,1.0,5.0,0.0,1.0,1.0,1.0,11.0,0.04,0.22,0.0,0.04,0.04,0.48,0.04
amadou-sow,Fri 3/11,vsLBSU,L67-64,31.0,2-6,33.3,0-0,0.0,1-3,33.3,6.0,0.0,0.0,1.0,1.0,2.0,5.0,0.19,0.0,0.0,0.03,0.03,0.16,0.06
amadou-sow,Thu 3/10,vsUCI,W78-69,34.0,10-16,62.5,0-0,0.0,1-2,50.0,16.0,2.0,2.0,0.0,2.0,2.0,21.0,0.47,0.06,0.058823529411764705,0.0,0.06,0.62,0.06
amadou-sow,Thu 3/3,vsHAW,W67-60,34.0,6-7,85.7,0-0,0.0,2-2,100.0,7.0,2.0,1.0,2.0,2.0,2.0,14.0,0.21,0.06,0.029411764705882353,0.06,0.06,0.41,0.06
amadou-sow,Tue 3/1,vsCSUN,W70-61,26.0,12-15,80.0,0-0,0.0,2-3,66.7,7.0,0.0,0.0,1.0,3.0,2.0,26.0,0.27,0.0,0.0,0.04,0.12,1.0,0.08
amadou-sow,Sat 2/26,@UCR,W97-90 2OT,40.0,10-18,55.6,0-4,0.0,5-6,83.3,9.0,2.0,0.0,2.0,3.0,2.0,25.0,0.23,0.05,0.0,0.05,0.07,0.62,0.05
amadou-sow,Thu 2/24,@UCD,W76-69 OT,36.0,7-17,41.2,0-1,0.0,3-5,60.0,11.0,0.0,2.0,0.0,4.0,3.0,17.0,0.31,0.0,0.05555555555555555,0.0,0.11,0.47,0.08
amadou-sow,Sat 2/19,vsLBSU,W84-71,29.0,9-12,75.0,0-0,0.0,0-0,0.0,9.0,0.0,0.0,0.0,4.0,1.0,18.0,0.31,0.0,0.0,0.0,0.14,0.62,0.03
amadou-sow,Thu 2/17,vsCSUF,L67-58,31.0,5-8,62.5,0-0,0.0,1-1,100.0,7.0,1.0,0.0,1.0,5.0,2.0,11.0,0.23,0.03,0.0,0.03,0.16,0.35,0.06
amadou-sow,Sat 2/12,@CP,W69-64,34.0,8-14,57.1,0-3,0.0,0-0,0.0,8.0,2.0,1.0,2.0,4.0,0.0,16.0,0.24,0.06,0.029411764705882353,0.06,0.12,0.47,0.0
amadou-sow,Thu 2/10,@CSUB,W74-62,31.0,4-5,80.0,0-0,0.0,6-7,85.7,6.0,1.0,0.0,1.0,2.0,1.0,14.0,0.19,0.03,0.0,0.03,0.06,0.45,0.03
amadou-sow,Sat 2/5,vsUCSD,W84-48,22.0,1-4,25.0,0-1,0.0,1-1,100.0,7.0,0.0,1.0,1.0,2.0,3.0,3.0,0.32,0.0,0.045454545454545456,0.05,0.09,0.14,0.14
amadou-sow,Thu 2/3,vsUCI,L53-52,33.0,4-13,30.8,0-5,0.0,9-11,81.8,11.0,0.0,0.0,0.0,0.0,2.0,17.0,0.33,0.0,0.0,0.0,0.0,0.52,0.06
amadou-sow,Sat 1/29,@HAW,L65-62,34.0,5-19,26.3,0-1,0.0,3-4,75.0,13.0,0.0,1.0,1.0,3.0,3.0,13.0,0.38,0.0,0.029411764705882353,0.03,0.09,0.38,0.09
amadou-sow,Tue 1/25,@CSUN,W72-45,26.0,8-12,66.7,1-1,100.0,0-0,0.0,4.0,1.0,0.0,0.0,3.0,4.0,17.0,0.15,0.04,0.0,0.0,0.12,0.65,0.15
amadou-sow,Sat 1/15,@CSUF,L79-73,20.0,2-5,40.0,1-2,50.0,2-2,100.0,7.0,1.0,1.0,1.0,3.0,1.0,7.0,0.35,0.05,0.05,0.05,0.15,0.35,0.05
amadou-sow,Thu 1/13,@LBSU,L65-58,31.0,4-9,44.4,1-3,33.3,0-0,0.0,14.0,0.0,0.0,0.0,1.0,4.0,9.0,0.45,0.0,0.0,0.0,0.03,0.29,0.13
amadou-sow,Thu 12/30,@UCSD,L85-83 OT,39.0,8-17,47.1,0-0,0.0,2-3,66.7,9.0,2.0,4.0,2.0,2.0,2.0,18.0,0.23,0.05,0.10256410256410256,0.05,0.05,0.46,0.05
amadou-sow,Wed 12/22,vsIDST,W56-43,28.0,8-11,72.7,0-0,0.0,2-2,100.0,3.0,0.0,0.0,1.0,4.0,2.0,18.0,0.11,0.0,0.0,0.04,0.14,0.64,0.07
amadou-sow,Sun 12/19,vsFAMU,W73-62,28.0,4-8,50.0,1-1,100.0,0-0,0.0,10.0,0.0,3.0,0.0,0.0,1.0,9.0,0.36,0.0,0.10714285714285714,0.0,0.0,0.32,0.04
amadou-sow,Tue 12/14,@PAC,L80-71 OT,33.0,5-13,38.5,1-4,25.0,0-0,0.0,9.0,1.0,2.0,0.0,1.0,0.0,11.0,0.27,0.03,0.06060606060606061,0.0,0.03,0.33,0.0
amadou-sow,Sat 12/11,@SMC,L80-59,29.0,4-9,44.4,1-1,100.0,6-6,100.0,7.0,1.0,1.0,0.0,1.0,3.0,15.0,0.24,0.03,0.034482758620689655,0.0,0.03,0.52,0.1
amadou-sow,Sun 12/5,vsCLU,W87-66,19.0,8-9,88.9,0-0,0.0,1-1,100.0,8.0,1.0,1.0,1.0,2.0,1.0,17.0,0.42,0.05,0.05263157894736842,0.05,0.11,0.89,0.05
amadou-sow,Fri 12/3,vsPEPP,W86-74,30.0,5-10,50.0,1-2,50.0,0-1,0.0,9.0,0.0,0.0,1.0,3.0,3.0,11.0,0.3,0.0,0.0,0.03,0.1,0.37,0.1
amadou-sow,Mon 11/29,vsUTA,L70-62,33.0,10-15,66.7,1-1,100.0,2-6,33.3,7.0,1.0,0.0,0.0,3.0,4.0,23.0,0.21,0.03,0.0,0.0,0.09,0.7,0.12
amadou-sow,Wed 11/24,vsUAPB,W86-58,24.0,9-12,75.0,0-0,0.0,2-2,100.0,9.0,0.0,0.0,1.0,3.0,1.0,20.0,0.38,0.0,0.0,0.04,0.12,0.83,0.04
amadou-sow,Sat 11/20,vsCHIC,W81-50,23.0,5-6,83.3,1-1,100.0,2-2,100.0,4.0,2.0,1.0,1.0,3.0,1.0,13.0,0.17,0.09,0.043478260869565216,0.04,0.13,0.57,0.04
amadou-sow,Mon 11/15,@WSU,L73-65,33.0,8-16,50.0,0-1,0.0,9-11,81.8,11.0,0.0,0.0,1.0,3.0,1.0,25.0,0.33,0.0,0.0,0.03,0.09,0.76,0.03
amadou-sow,Wed 11/10,vsSFSU,W119-65,21.0,9-13,69.2,1-1,100.0,6-8,75.0,7.0,0.0,2.0,0.0,2.0,2.0,25.0,0.33,0.0,0.09523809523809523,0.0,0.1,1.19,0.1
ariel-bland,Sat 2/5,vsUCSD,W84-48,3.0,0-0,0.0,0-0,0.0,0-0,0.0,1.0,0.0,0.0,0.0,0.0,0.0,0.0,0.33,0.0,0.0,0.0,0.0,0.0,0.0
ariel-bland,Thu 2/3,vsUCI,L53-52,2.0,0-0,0.0,0-0,0.0,0-0,0.0,0.0,0.0,0.0,0.0,1.0,1.0,0.0,0.0,0.0,0.0,0.0,0.5,0.0,0.5
ariel-bland,Sat 1/29,@HAW,L65-62,2.0,0-0,0.0,0-0,0.0,0-2,0.0,0.0,1.0,0.0,0.0,0.0,0.0,0.0,0.0,0.5,0.0,0.0,0.0,0.0,0.0
ariel-bland,Tue 1/25,@CSUN,W72-45,9.0,1-2,50.0,0-0,0.0,0-0,0.0,2.0,0.0,0.0,0.0,0.0,0.0,2.0,0.22,0.0,0.0,0.0,0.0,0.22,0.0
ariel-bland,Sat 1/15,@CSUF,L79-73,12.0,0-1,0.0,0-0,0.0,0-0,0.0,2.0,0.0,1.0,0.0,2.0,0.0,0.0,0.17,0.0,0.08333333333333333,0.0,0.17,0.0,0.0
ariel-bland,Thu 1/13,@LBSU,L65-58,1.0,0-0,0.0,0-0,0.0,0-0,0.0,0.0,0.0,0.0,0.0,1.0,1.0,0.0,0.0,0.0,0.0,0.0,1.0,0.0,1.0
ariel-bland,Sun 12/5,vsCLU,W87-66,6.0,3-3,100.0,0-0,0.0,0-0,0.0,2.0,0.0,0.0,0.0,0.0,0.0,6.0,0.33,0.0,0.0,0.0,0.0,1.0,0.0
ariel-bland,Sat 11/20,vsCHIC,W81-50,3.0,1-2,50.0,0-0,0.0,0-0,0.0,2.0,1.0,1.0,0.0,0.0,0.0,2.0,0.67,0.33,0.3333333333333333,0.0,0.0,0.67,0.0
calvin-wishart,Fri 3/11,vsLBSU,L67-64,33.0,3-6,50.0,1-4,25.0,0-0,0.0,5.0,4.0,1.0,0.0,4.0,2.0,7.0,0.15,0.12,0.030303030303030304,0.0,0.12,0.21,0.06
calvin-wishart,Thu 3/10,vsUCI,W78-69,34.0,5-6,83.3,2-3,66.7,2-2,100.0,3.0,5.0,0.0,2.0,2.0,1.0,14.0,0.09,0.15,0.0,0.06,0.06,0.41,0.03
calvin-wishart,Thu 3/3,vsHAW,W67-60,19.0,1-2,50.0,0-0,0.0,1-2,50.0,2.0,0.0,0.0,1.0,3.0,1.0,3.0,0.11,0.0,0.0,0.05,0.16,0.16,0.05
calvin-wishart,Tue 3/1,vsCSUN,W70-61,31.0,1-4,25.0,0-0,0.0,1-2,50.0,2.0,5.0,0.0,0.0,1.0,1.0,3.0,0.06,0.16,0.0,0.0,0.03,0.1,0.03
calvin-wishart,Sat 2/26,@UCR,W97-90 2OT,42.0,4-5,80.0,2-3,66.7,5-6,83.3,3.0,1.0,0.0,0.0,4.0,3.0,15.0,0.07,0.02,0.0,0.0,0.1,0.36,0.07
calvin-wishart,Thu 2/24,@UCD,W76-69 OT,40.0,0-5,0.0,0-1,0.0,0-0,0.0,2.0,1.0,0.0,2.0,1.0,1.0,0.0,0.05,0.03,0.0,0.05,0.03,0.0,0.03
calvin-wishart,Sat 2/19,vsLBSU,W84-71,23.0,6-8,75.0,3-4,75.0,3-4,75.0,4.0,0.0,0.0,1.0,3.0,1.0,18.0,0.17,0.0,0.0,0.04,0.13,0.78,0.04
calvin-wishart,Thu 2/17,vsCSUF,L67-58,33.0,3-6,50.0,1-4,25.0,3-4,75.0,3.0,1.0,0.0,1.0,2.0,1.0,10.0,0.09,0.03,0.0,0.03,0.06,0.3,0.03
calvin-wishart,Sat 2/12,@CP,W69-64,33.0,1-5,20.0,1-4,25.0,0-0,0.0,0.0,3.0,0.0,1.0,1.0,1.0,3.0,0.0,0.09,0.0,0.03,0.03,0.09,0.03
calvin-wishart,Thu 2/10,@CSUB,W74-62,19.0,1-4,25.0,0-3,0.0,2-3,66.7,1.0,2.0,0.0,0.0,4.0,2.0,4.0,0.05,0.11,0.0,0.0,0.21,0.21,0.11
calvin-wishart,Sat 2/5,vsUCSD,W84-48,29.0,0-2,0.0,0-2,0.0,3-3,100.0,2.0,8.0,0.0,1.0,1.0,2.0,3.0,0.07,0.28,0.0,0.03,0.03,0.1,0.07
calvin-wishart,Thu 2/3,vsUCI,L53-52,33.0,2-7,28.6,1-4,25.0,0-2,0.0,2.0,3.0,0.0,1.0,3.0,2.0,5.0,0.06,0.09,0.0,0.03,0.09,0.15,0.06
calvin-wishart,Sat 1/29,@HAW,L65-62,30.0,2-5,40.0,1-3,33.3,0-0,0.0,5.0,0.0,0.0,0.0,2.0,0.0,5.0,0.17,0.0,0.0,0.0,0.07,0.17,0.0
calvin-wishart,Tue 1/25,@CSUN,W72-45,17.0,1-2,50.0,0-1,0.0,2-3,66.7,6.0,3.0,0.0,2.0,2.0,3.0,4.0,0.35,0.18,0.0,0.12,0.12,0.24,0.18
calvin-wishart,Thu 12/30,@UCSD,L85-83 OT,42.0,1-6,16.7,0-1,0.0,2-2,100.0,3.0,7.0,0.0,2.0,1.0,1.0,4.0,0.07,0.17,0.0,0.05,0.02,0.1,0.02
calvin-wishart,Wed 12/22,vsIDST,W56-43,18.0,0-5,0.0,0-3,0.0,0-1,0.0,3.0,2.0,0.0,1.0,3.0,1.0,0.0,0.17,0.11,0.0,0.06,0.17,0.0,0.06
calvin-wishart,Sun 12/19,vsFAMU,W73-62,28.0,2-8,25.0,1-4,25.0,2-2,100.0,3.0,8.0,0.0,1.0,3.0,1.0,7.0,0.11,0.29,0.0,0.04,0.11,0.25,0.04
calvin-wishart,Tue 12/14,@PAC,L80-71 OT,21.0,0-1,0.0,0-1,0.0,4-5,80.0,1.0,3.0,0.0,1.0,5.0,2.0,4.0,0.05,0.14,0.0,0.05,0.24,0.19,0.1
calvin-wishart,Sat 12/11,@SMC,L80-59,24.0,2-5,40.0,1-3,33.3,1-2,50.0,0.0,1.0,0.0,1.0,0.0,1.0,6.0,0.0,0.04,0.0,0.04,0.0,0.25,0.04
calvin-wishart,Sun 12/5,vsCLU,W87-66,21.0,2-4,50.0,1-2,50.0,0-0,0.0,3.0,0.0,1.0,0.0,2.0,0.0,5.0,0.14,0.0,0.047619047619047616,0.0,0.1,0.24,0.0
calvin-wishart,Fri 12/3,vsPEPP,W86-74,28.0,5-6,83.3,4-4,100.0,9-9,100.0,2.0,3.0,0.0,2.0,1.0,3.0,23.0,0.07,0.11,0.0,0.07,0.04,0.82,0.11
calvin-wishart,Mon 11/29,vsUTA,L70-62,30.0,4-10,40.0,2-5,40.0,0-1,0.0,4.0,2.0,1.0,2.0,2.0,2.0,10.0,0.13,0.07,0.03333333333333333,0.07,0.07,0.33,0.07
calvin-wishart,Wed 11/24,vsUAPB,W86-58,19.0,2-4,50.0,0-1,0.0,0-0,0.0,3.0,3.0,0.0,1.0,4.0,1.0,4.0,0.16,0.16,0.0,0.05,0.21,0.21,0.05
calvin-wishart,Sat 11/20,vsCHIC,W81-50,25.0,4-5,80.0,2-3,66.7,2-2,100.0,3.0,3.0,0.0,3.0,1.0,3.0,12.0,0.12,0.12,0.0,0.12,0.04,0.48,0.12
calvin-wishart,Mon 11/15,@WSU,L73-65,20.0,2-4,50.0,0-1,0.0,0-0,0.0,3.0,1.0,1.0,3.0,2.0,3.0,4.0,0.15,0.05,0.05,0.15,0.1,0.2,0.15
calvin-wishart,Wed 11/10,vsSFSU,W119-65,22.0,1-3,33.3,1-1,100.0,6-6,100.0,7.0,3.0,0.0,1.0,3.0,3.0,9.0,0.32,0.14,0.0,0.05,0.14,0.41,0.14
cole-anderson,Fri 3/11,vsLBSU,L67-64,2.0,0-1,0.0,0-1,0.0,0-0,0.0,0.0,0.0,0.0,0.0,0.0,0.0,0.0,0.0,0.0,0.0,0.0,0.0,0.0,0.0
cole-anderson,Thu 3/10,vsUCI,W78-69,9.0,1-1,100.0,1-1,100.0,0-0,0.0,0.0,1.0,0.0,0.0,0.0,0.0,3.0,0.0,0.11,0.0,0.0,0.0,0.33,0.0
cole-anderson,Thu 3/3,vsHAW,W67-60,5.0,0-1,0.0,0-1,0.0,0-0,0.0,0.0,0.0,0.0,0.0,1.0,0.0,0.0,0.0,0.0,0.0,0.0,0.2,0.0,0.0
cole-anderson,Tue 3/1,vsCSUN,W70-61,7.0,1-2,50.0,1-2,50.0,0-0,0.0,3.0,0.0,0.0,0.0,0.0,0.0,3.0,0.43,0.0,0.0,0.0,0.0,0.43,0.0
cole-anderson,Sat 2/26,@UCR,W97-90 2OT,2.0,0-0,0.0,0-0,0.0,0-0,0.0,0.0,0.0,0.0,0.0,1.0,1.0,0.0,0.0,0.0,0.0,0.0,0.5,0.0,0.5
cole-anderson,Thu 2/24,@UCD,W76-69 OT,11.0,1-2,50.0,0-0,0.0,0-0,0.0,0.0,0.0,0.0,1.0,0.0,0.0,2.0,0.0,0.0,0.0,0.09,0.0,0.18,0.0
cole-anderson,Sat 2/19,vsLBSU,W84-71,17.0,1-5,20.0,0-3,0.0,0-0,0.0,1.0,0.0,0.0,1.0,1.0,1.0,2.0,0.06,0.0,0.0,0.06,0.06,0.12,0.06
cole-anderson,Thu 2/17,vsCSUF,L67-58,15.0,2-6,33.3,1-4,25.0,0-0,0.0,0.0,0.0,0.0,1.0,1.0,0.0,5.0,0.0,0.0,0.0,0.07,0.07,0.33,0.0
cole-anderson,Sat 2/12,@CP,W69-64,17.0,1-2,50.0,1-2,50.0,0-0,0.0,1.0,0.0,0.0,1.0,1.0,0.0,3.0,0.06,0.0,0.0,0.06,0.06,0.18,0.0
cole-anderson,Thu 2/10,@CSUB,W74-62,30.0,6-9,66.7,4-7,57.1,2-2,100.0,0.0,0.0,0.0,0.0,3.0,1.0,18.0,0.0,0.0,0.0,0.0,0.1,0.6,0.03
cole-anderson,Sat 2/5,vsUCSD,W84-48,24.0,2-6,33.3,1-3,33.3,0-0,0.0,3.0,3.0,0.0,0.0,1.0,1.0,5.0,0.12,0.12,0.0,0.0,0.04,0.21,0.04
cole-anderson,Thu 2/3,vsUCI,L53-52,21.0,1-5,20.0,1-3,33.3,1-2,50.0,1.0,0.0,0.0,0.0,1.0,0.0,4.0,0.05,0.0,0.0,0.0,0.05,0.19,0.0
cole-anderson,Sat 1/29,@HAW,L65-62,5.0,1-2,50.0,1-2,50.0,0-0,0.0,0.0,0.0,0.0,0.0,0.0,0.0,3.0,0.0,0.0,0.0,0.0,0.0,0.6,0.0
cole-anderson,Tue 1/25,@CSUN,W72-45,15.0,2-4,50.0,1-2,50.0,2-2,100.0,2.0,1.0,0.0,0.0,2.0,1.0,7.0,0.13,0.07,0.0,0.0,0.13,0.47,0.07
cole-anderson,Sat 1/15,@CSUF,L79-73,17.0,5-6,83.3,4-5,80.0,7-7,100.0,0.0,0.0,0.0,1.0,3.0,0.0,21.0,0.0,0.0,0.0,0.06,0.18,1.24,0.0
cole-anderson,Thu 1/13,@LBSU,L65-58,7.0,1-3,33.3,1-2,50.0,0-0,0.0,2.0,0.0,0.0,0.0,1.0,0.0,3.0,0.29,0.0,0.0,0.0,0.14,0.43,0.0
cole-anderson,Thu 12/30,@UCSD,L85-83 OT,14.0,1-2,50.0,1-2,50.0,0-0,0.0,2.0,1.0,0.0,0.0,1.0,0.0,3.0,0.14,0.07,0.0,0.0,0.07,0.21,0.0
cole-anderson,Wed 12/22,vsIDST,W56-43,3.0,0-1,0.0,0-1,0.0,0-0,0.0,0.0,0.0,0.0,0.0,0.0,0.0,0.0,0.0,0.0,0.0,0.0,0.0,0.0,0.0
cole-anderson,Sun 12/19,vsFAMU,W73-62,3.0,0-1,0.0,0-1,0.0,0-0,0.0,0.0,0.0,0.0,0.0,0.0,0.0,0.0,0.0,0.0,0.0,0.0,0.0,0.0,0.0
cole-anderson,Tue 12/14,@PAC,L80-71 OT,3.0,0-0,0.0,0-0,0.0,0-0,0.0,0.0,0.0,0.0,0.0,1.0,0.0,0.0,0.0,0.0,0.0,0.0,0.33,0.0,0.0
cole-anderson,Sat 12/11,@SMC,L80-59,9.0,1-2,50.0,0-1,0.0,0-0,0.0,1.0,0.0,0.0,0.0,1.0,0.0,2.0,0.11,0.0,0.0,0.0,0.11,0.22,0.0
cole-anderson,Sun 12/5,vsCLU,W87-66,15.0,6-11,54.5,2-6,33.3,0-1,0.0,1.0,1.0,0.0,1.0,0.0,1.0,14.0,0.07,0.07,0.0,0.07,0.0,0.93,0.07
cole-anderson,Fri 12/3,vsPEPP,W86-74,1.0,0-1,0.0,0-1,0.0,0-0,0.0,0.0,0.0,0.0,0.0,0.0,0.0,0.0,0.0,0.0,0.0,0.0,0.0,0.0,0.0
cole-anderson,Mon 11/29,vsUTA,L70-62,3.0,1-3,33.3,0-1,0.0,0-0,0.0,0.0,1.0,0.0,0.0,0.0,0.0,2.0,0.0,0.33,0.0,0.0,0.0,0.67,0.0
cole-anderson,Wed 11/24,vsUAPB,W86-58,11.0,1-1,100.0,1-1,100.0,0-0,0.0,0.0,1.0,0.0,0.0,0.0,0.0,3.0,0.0,0.09,0.0,0.0,0.0,0.27,0.0
cole-anderson,Sat 11/20,vsCHIC,W81-50,10.0,1-4,25.0,1-3,33.3,2-2,100.0,2.0,0.0,0.0,0.0,1.0,0.0,5.0,0.2,0.0,0.0,0.0,0.1,0.5,0.0
cole-anderson,Mon 11/15,@WSU,L73-65,7.0,1-2,50.0,1-2,50.0,0-0,0.0,0.0,0.0,0.0,0.0,2.0,0.0,3.0,0.0,0.0,0.0,0.0,0.29,0.43,0.0
david-pickles,Sun 12/5,vsCLU,W87-66,1.0,0-0,0.0,0-0,0.0,0-0,0.0,0.0,0.0,0.0,0.0,0.0,0.0,0.0,0.0,0.0,0.0,0.0,0.0,0.0,0.0
david-pickles,Wed 11/10,vsSFSU,W119-65,2.0,1-2,50.0,0-0,0.0,0-0,0.0,0.0,0.0,0.0,0.0,1.0,1.0,2.0,0.0,0.0,0.0,0.0,0.5,1.0,0.5
gage-gomez,Tue 1/25,@CSUN,W72-45,1.0,0-0,0.0,0-0,0.0,0-0,0.0,0.0,0.0,0.0,0.0,0.0,0.0,0.0,0.0,0.0,0.0,0.0,0.0,0.0,0.0
gage-gomez,Sun 12/5,vsCLU,W87-66,1.0,0-0,0.0,0-0,0.0,0-0,0.0,0.0,0.0,0.0,0.0,0.0,0.0,0.0,0.0,0.0,0.0,0.0,0.0,0.0,0.0
gage-gomez,Wed 11/24,vsUAPB,W86-58,2.0,0-0,0.0,0-0,0.0,0-0,0.0,0.0,0.0,0.0,0.0,0.0,0.0,0.0,0.0,0.0,0.0,0.0,0.0,0.0,0.0
gage-gomez,Wed 11/10,vsSFSU,W119-65,7.0,1-1,100.0,1-1,100.0,0-0,0.0,3.0,2.0,0.0,0.0,0.0,0.0,3.0,0.43,0.29,0.0,0.0,0.0,0.43,0.0
jakov-kukic,Sat 2/5,vsUCSD,W84-48,3.0,1-2,50.0,0-1,0.0,0-0,0.0,2.0,1.0,0.0,0.0,0.0,0.0,2.0,0.67,0.33,0.0,0.0,0.0,0.67,0.0
jakov-kukic,Thu 2/3,vsUCI,L53-52,2.0,0-1,0.0,0-0,0.0,2-2,100.0,1.0,0.0,0.0,0.0,1.0,0.0,2.0,0.5,0.0,0.0,0.0,0.5,1.0,0.0
jakov-kukic,Sat 1/15,@CSUF,L79-73,2.0,0-1,0.0,0-0,0.0,0-0,0.0,0.0,0.0,0.0,0.0,0.0,1.0,0.0,0.0,0.0,0.0,0.0,0.0,0.0,0.5
jakov-kukic,Thu 12/30,@UCSD,L85-83 OT,5.0,0-0,0.0,0-0,0.0,0-0,0.0,0.0,1.0,0.0,0.0,1.0,2.0,0.0,0.0,0.2,0.0,0.0,0.2,0.0,0.4
jakov-kukic,Sat 12/11,@SMC,L80-59,2.0,1-1,100.0,0-0,0.0,2-2,100.0,0.0,0.0,0.0,0.0,0.0,0.0,4.0,0.0,0.0,0.0,0.0,0.0,2.0,0.0
jakov-kukic,Sun 12/5,vsCLU,W87-66,5.0,1-1,100.0,0-0,0.0,0-0,0.0,0.0,1.0,0.0,1.0,1.0,1.0,2.0,0.0,0.2,0.0,0.2,0.2,0.4,0.2
jakov-kukic,Wed 11/24,vsUAPB,W86-58,3.0,0-0,0.0,0-0,0.0,0-1,0.0,3.0,0.0,0.0,0.0,0.0,1.0,0.0,1.0,0.0,0.0,0.0,0.0,0.0,0.33
jakov-kukic,Sat 11/20,vsCHIC,W81-50,5.0,2-4,50.0,1-1,100.0,0-0,0.0,0.0,0.0,0.0,0.0,0.0,0.0,5.0,0.0,0.0,0.0,0.0,0.0,1.0,0.0
jakov-kukic,Wed 11/10,vsSFSU,W119-65,9.0,2-2,100.0,0-0,0.0,3-4,75.0,5.0,2.0,0.0,0.0,0.0,1.0,7.0,0.56,0.22,0.0,0.0,0.0,0.78,0.11
jay-nagle,Fri 3/11,vsLBSU,L67-64,6.0,1-1,100.0,1-1,100.0,0-0,0.0,1.0,1.0,1.0,0.0,1.0,0.0,3.0,0.17,0.17,0.16666666666666666,0.0,0.17,0.5,0.0
jay-nagle,Thu 3/10,vsUCI,W78-69,3.0,0-0,0.0,0-0,0.0,0-0,0.0,0.0,0.0,0.0,0.0,0.0,0.0,0.0,0.0,0.0,0.0,0.0,0.0,0.0,0.0
jay-nagle,Tue 3/1,vsCSUN,W70-61,4.0,0-0,0.0,0-0,0.0,0-0,0.0,0.0,0.0,0.0,0.0,0.0,0.0,0.0,0.0,0.0,0.0,0.0,0.0,0.0,0.0
jay-nagle,Sat 2/26,@UCR,W97-90 2OT,4.0,0-0,0.0,0-0,0.0,0-0,0.0,0.0,0.0,0.0,1.0,0.0,0.0,0.0,0.0,0.0,0.0,0.25,0.0,0.0,0.0
jay-nagle,Thu 2/24,@UCD,W76-69 OT,2.0,0-0,0.0,0-0,0.0,0-0,0.0,1.0,0.0,0.0,1.0,0.0,0.0,0.0,0.5,0.0,0.0,0.5,0.0,0.0,0.0
jay-nagle,Sat 2/19,vsLBSU,W84-71,5.0,0-1,0.0,0-1,0.0,0-0,0.0,0.0,1.0,0.0,0.0,0.0,0.0,0.0,0.0,0.2,0.0,0.0,0.0,0.0,0.0
jay-nagle,Thu 2/17,vsCSUF,L67-58,5.0,1-2,50.0,1-1,100.0,0-0,0.0,0.0,0.0,0.0,0.0,0.0,0.0,3.0,0.0,0.0,0.0,0.0,0.0,0.6,0.0
jay-nagle,Sat 2/12,@CP,W69-64,2.0,0-0,0.0,0-0,0.0,0-0,0.0,0.0,0.0,0.0,0.0,0.0,1.0,0.0,0.0,0.0,0.0,0.0,0.0,0.0,0.5
jay-nagle,Thu 2/10,@CSUB,W74-62,10.0,0-0,0.0,0-0,0.0,0-0,0.0,2.0,0.0,0.0,2.0,0.0,0.0,0.0,0.2,0.0,0.0,0.2,0.0,0.0,0.0
jay-nagle,Sat 2/5,vsUCSD,W84-48,13.0,2-4,50.0,0-1,0.0,0-0,0.0,0.0,0.0,0.0,0.0,0.0,0.0,4.0,0.0,0.0,0.0,0.0,0.0,0.31,0.0
jay-nagle,Sat 1/15,@CSUF,L79-73,4.0,0-2,0.0,0-1,0.0,0-0,0.0,0.0,1.0,0.0,0.0,0.0,0.0,0.0,0.0,0.25,0.0,0.0,0.0,0.0,0.0
jay-nagle,Thu 12/30,@UCSD,L85-83 OT,18.0,1-2,50.0,0-1,0.0,0-0,0.0,3.0,1.0,0.0,0.0,0.0,0.0,2.0,0.17,0.06,0.0,0.0,0.0,0.11,0.0
jay-nagle,Wed 12/22,vsIDST,W56-43,2.0,0-0,0.0,0-0,0.0,0-0,0.0,0.0,0.0,0.0,0.0,0.0,0.0,0.0,0.0,0.0,0.0,0.0,0.0,0.0,0.0
jay-nagle,Sun 12/19,vsFAMU,W73-62,2.0,0-1,0.0,0-1,0.0,0-0,0.0,0.0,0.0,0.0,0.0,0.0,0.0,0.0,0.0,0.0,0.0,0.0,0.0,0.0,0.0
jay-nagle,Sat 12/11,@SMC,L80-59,8.0,0-0,0.0,0-0,0.0,0-0,0.0,0.0,1.0,0.0,0.0,0.0,0.0,0.0,0.0,0.12,0.0,0.0,0.0,0.0,0.0
jay-nagle,Sun 12/5,vsCLU,W87-66,14.0,1-5,20.0,0-2,0.0,0-0,0.0,4.0,3.0,0.0,0.0,0.0,1.0,2.0,0.29,0.21,0.0,0.0,0.0,0.14,0.07
jay-nagle,Fri 12/3,vsPEPP,W86-74,7.0,1-1,100.0,1-1,100.0,0-0,0.0,0.0,2.0,0.0,0.0,1.0,0.0,3.0,0.0,0.29,0.0,0.0,0.14,0.43,0.0
jay-nagle,Mon 11/29,vsUTA,L70-62,3.0,0-0,0.0,0-0,0.0,0-0,0.0,1.0,0.0,0.0,0.0,1.0,0.0,0.0,0.33,0.0,0.0,0.0,0.33,0.0,0.0
jay-nagle,Wed 11/24,vsUAPB,W86-58,16.0,0-2,0.0,0-1,0.0,1-2,50.0,0.0,3.0,0.0,0.0,1.0,0.0,1.0,0.0,0.19,0.0,0.0,0.06,0.06,0.0
jay-nagle,Sat 11/20,vsCHIC,W81-50,15.0,0-1,0.0,0-0,0.0,1-2,50.0,4.0,2.0,0.0,0.0,1.0,0.0,1.0,0.27,0.13,0.0,0.0,0.07,0.07,0.0
jay-nagle,Mon 11/15,@WSU,L73-65,2.0,0-0,0.0,0-0,0.0,0-0,0.0,0.0,0.0,0.0,0.0,0.0,0.0,0.0,0.0,0.0,0.0,0.0,0.0,0.0,0.0
jay-nagle,Wed 11/10,vsSFSU,W119-65,19.0,2-3,66.7,1-2,50.0,2-2,100.0,7.0,4.0,1.0,0.0,2.0,1.0,7.0,0.37,0.21,0.05263157894736842,0.0,0.11,0.37,0.05
josh-pierre-louis,Thu 3/10,vsUCI,W78-69,12.0,2-2,100.0,0-0,0.0,0-0,0.0,1.0,1.0,0.0,0.0,1.0,1.0,4.0,0.08,0.08,0.0,0.0,0.08,0.33,0.08
josh-pierre-louis,Thu 3/3,vsHAW,W67-60,36.0,5-10,50.0,0-1,0.0,6-7,85.7,3.0,2.0,0.0,2.0,2.0,5.0,16.0,0.08,0.06,0.0,0.06,0.06,0.44,0.14
josh-pierre-louis,Tue 3/1,vsCSUN,W70-61,22.0,2-3,66.7,0-1,0.0,3-6,50.0,4.0,2.0,0.0,1.0,3.0,2.0,7.0,0.18,0.09,0.0,0.05,0.14,0.32,0.09
josh-pierre-louis,Sat 2/26,@UCR,W97-90 2OT,25.0,3-3,100.0,0-0,0.0,4-5,80.0,2.0,3.0,1.0,3.0,4.0,1.0,10.0,0.08,0.12,0.04,0.12,0.16,0.4,0.04
josh-pierre-louis,Thu 2/24,@UCD,W76-69 OT,34.0,5-15,33.3,1-5,20.0,3-6,50.0,5.0,4.0,0.0,0.0,3.0,3.0,14.0,0.15,0.12,0.0,0.0,0.09,0.41,0.09
josh-pierre-louis,Sat 2/19,vsLBSU,W84-71,35.0,4-6,66.7,0-1,0.0,9-12,75.0,8.0,11.0,0.0,3.0,2.0,4.0,17.0,0.23,0.31,0.0,0.09,0.06,0.49,0.11
josh-pierre-louis,Thu 2/17,vsCSUF,L67-58,32.0,2-7,28.6,0-3,0.0,1-3,33.3,5.0,8.0,0.0,1.0,1.0,2.0,5.0,0.16,0.25,0.0,0.03,0.03,0.16,0.06
josh-pierre-louis,Sat 2/12,@CP,W69-64,26.0,4-7,57.1,3-3,100.0,2-4,50.0,2.0,4.0,0.0,0.0,2.0,1.0,13.0,0.08,0.15,0.0,0.0,0.08,0.5,0.04
josh-pierre-louis,Thu 2/10,@CSUB,W74-62,26.0,3-7,42.9,0-2,0.0,0-0,0.0,4.0,0.0,0.0,2.0,4.0,5.0,6.0,0.15,0.0,0.0,0.08,0.15,0.23,0.19
josh-pierre-louis,Sat 2/5,vsUCSD,W84-48,29.0,6-7,85.7,0-0,0.0,0-0,0.0,3.0,7.0,0.0,5.0,0.0,3.0,12.0,0.1,0.24,0.0,0.17,0.0,0.41,0.1
josh-pierre-louis,Thu 2/3,vsUCI,L53-52,26.0,2-5,40.0,0-1,0.0,2-2,100.0,3.0,4.0,0.0,2.0,2.0,2.0,6.0,0.12,0.15,0.0,0.08,0.08,0.23,0.08
josh-pierre-louis,Sat 1/29,@HAW,L65-62,12.0,2-3,66.7,0-0,0.0,1-2,50.0,2.0,0.0,0.0,1.0,4.0,2.0,5.0,0.17,0.0,0.0,0.08,0.33,0.42,0.17
josh-pierre-louis,Tue 1/25,@CSUN,W72-45,20.0,1-1,100.0,0-0,0.0,0-0,0.0,3.0,3.0,0.0,0.0,3.0,3.0,2.0,0.15,0.15,0.0,0.0,0.15,0.1,0.15
josh-pierre-louis,Sat 1/15,@CSUF,L79-73,15.0,1-4,25.0,0-0,0.0,1-2,50.0,2.0,0.0,0.0,2.0,1.0,2.0,3.0,0.13,0.0,0.0,0.13,0.07,0.2,0.13
josh-pierre-louis,Thu 1/13,@LBSU,L65-58,21.0,2-3,66.7,0-0,0.0,1-2,50.0,4.0,1.0,0.0,1.0,3.0,5.0,5.0,0.19,0.05,0.0,0.05,0.14,0.24,0.24
josh-pierre-louis,Wed 12/22,vsIDST,W56-43,24.0,2-3,66.7,0-0,0.0,0-0,0.0,6.0,2.0,0.0,1.0,1.0,2.0,4.0,0.25,0.08,0.0,0.04,0.04,0.17,0.08
josh-pierre-louis,Sun 12/19,vsFAMU,W73-62,25.0,2-4,50.0,0-1,0.0,2-4,50.0,3.0,2.0,0.0,1.0,2.0,5.0,6.0,0.12,0.08,0.0,0.04,0.08,0.24,0.2
josh-pierre-louis,Tue 12/14,@PAC,L80-71 OT,37.0,7-10,70.0,0-2,0.0,0-2,0.0,4.0,4.0,0.0,0.0,4.0,2.0,14.0,0.11,0.11,0.0,0.0,0.11,0.38,0.05
josh-pierre-louis,Sat 12/11,@SMC,L80-59,23.0,4-7,57.1,1-1,100.0,0-0,0.0,3.0,1.0,0.0,1.0,1.0,1.0,9.0,0.13,0.04,0.0,0.04,0.04,0.39,0.04
josh-pierre-louis,Sun 12/5,vsCLU,W87-66,20.0,5-8,62.5,0-1,0.0,0-0,0.0,6.0,2.0,0.0,0.0,0.0,2.0,10.0,0.3,0.1,0.0,0.0,0.0,0.5,0.1
josh-pierre-louis,Fri 12/3,vsPEPP,W86-74,26.0,4-7,57.1,0-2,0.0,2-4,50.0,5.0,2.0,0.0,0.0,2.0,2.0,10.0,0.19,0.08,0.0,0.0,0.08,0.38,0.08
josh-pierre-louis,Mon 11/29,vsUTA,L70-62,34.0,3-6,50.0,0-0,0.0,1-3,33.3,11.0,4.0,0.0,2.0,1.0,3.0,7.0,0.32,0.12,0.0,0.06,0.03,0.21,0.09
josh-pierre-louis,Wed 11/24,vsUAPB,W86-58,23.0,4-8,50.0,0-2,0.0,0-2,0.0,3.0,2.0,0.0,2.0,1.0,3.0,8.0,0.13,0.09,0.0,0.09,0.04,0.35,0.13
josh-pierre-louis,Sat 11/20,vsCHIC,W81-50,27.0,3-6,50.0,0-1,0.0,1-2,50.0,3.0,6.0,0.0,1.0,3.0,2.0,7.0,0.11,0.22,0.0,0.04,0.11,0.26,0.07
josh-pierre-louis,Mon 11/15,@WSU,L73-65,29.0,1-7,14.3,0-0,0.0,1-2,50.0,4.0,2.0,0.0,0.0,2.0,1.0,3.0,0.14,0.07,0.0,0.0,0.07,0.1,0.03
josh-pierre-louis,Wed 11/10,vsSFSU,W119-65,23.0,9-11,81.8,0-1,0.0,7-12,58.3,8.0,4.0,0.0,1.0,0.0,2.0,25.0,0.35,0.17,0.0,0.04,0.0,1.09,0.09
max-sheldon,Sun 12/5,vsCLU,W87-66,1.0,0-0,0.0,0-0,0.0,0-0,0.0,0.0,0.0,0.0,0.0,0.0,0.0,0.0,0.0,0.0,0.0,0.0,0.0,0.0,0.0
max-sheldon,Wed 11/10,vsSFSU,W119-65,4.0,1-1,100.0,0-0,0.0,0-0,0.0,1.0,0.0,0.0,0.0,0.0,0.0,2.0,0.25,0.0,0.0,0.0,0.0,0.5,0.0
miles-norris,Fri 3/11,vsLBSU,L67-64,30.0,6-14,42.9,3-6,50.0,0-0,0.0,7.0,1.0,1.0,0.0,2.0,0.0,15.0,0.23,0.03,0.03333333333333333,0.0,0.07,0.5,0.0
miles-norris,Thu 3/10,vsUCI,W78-69,35.0,2-9,22.2,0-2,0.0,3-4,75.0,8.0,1.0,2.0,1.0,0.0,1.0,7.0,0.23,0.03,0.05714285714285714,0.03,0.0,0.2,0.03
miles-norris,Thu 3/3,vsHAW,W67-60,37.0,6-12,50.0,0-5,0.0,0-0,0.0,7.0,2.0,1.0,2.0,1.0,2.0,12.0,0.19,0.05,0.02702702702702703,0.05,0.03,0.32,0.05
miles-norris,Tue 3/1,vsCSUN,W70-61,32.0,1-7,14.3,0-4,0.0,2-2,100.0,8.0,2.0,2.0,2.0,0.0,1.0,4.0,0.25,0.06,0.0625,0.06,0.0,0.12,0.03
miles-norris,Sat 2/26,@UCR,W97-90 2OT,45.0,0-6,0.0,0-2,0.0,0-0,0.0,2.0,2.0,0.0,3.0,2.0,0.0,0.0,0.04,0.04,0.0,0.07,0.04,0.0,0.0
miles-norris,Thu 2/24,@UCD,W76-69 OT,39.0,3-5,60.0,0-1,0.0,2-2,100.0,8.0,0.0,0.0,2.0,1.0,1.0,8.0,0.21,0.0,0.0,0.05,0.03,0.21,0.03
miles-norris,Sat 2/19,vsLBSU,W84-71,27.0,2-7,28.6,2-4,50.0,0-0,0.0,7.0,0.0,0.0,0.0,2.0,2.0,6.0,0.26,0.0,0.0,0.0,0.07,0.22,0.07
miles-norris,Thu 2/17,vsCSUF,L67-58,27.0,2-7,28.6,2-5,40.0,4-5,80.0,7.0,3.0,4.0,2.0,3.0,2.0,10.0,0.26,0.11,0.14814814814814814,0.07,0.11,0.37,0.07
miles-norris,Sat 2/12,@CP,W69-64,33.0,3-5,60.0,2-2,100.0,0-0,0.0,5.0,2.0,1.0,0.0,1.0,3.0,8.0,0.15,0.06,0.030303030303030304,0.0,0.03,0.24,0.09
miles-norris,Thu 2/10,@CSUB,W74-62,24.0,2-3,66.7,1-2,50.0,2-2,100.0,6.0,1.0,0.0,1.0,3.0,1.0,7.0,0.25,0.04,0.0,0.04,0.12,0.29,0.04
miles-norris,Sat 2/5,vsUCSD,W84-48,27.0,13-16,81.3,5-7,71.4,1-1,100.0,5.0,1.0,0.0,1.0,2.0,2.0,32.0,0.19,0.04,0.0,0.04,0.07,1.19,0.07
miles-norris,Thu 2/3,vsUCI,L53-52,33.0,2-7,28.6,1-6,16.7,3-3,100.0,2.0,2.0,0.0,1.0,2.0,1.0,8.0,0.06,0.06,0.0,0.03,0.06,0.24,0.03
miles-norris,Sat 1/29,@HAW,L65-62,36.0,2-8,25.0,1-4,25.0,2-2,100.0,6.0,1.0,0.0,1.0,2.0,3.0,7.0,0.17,0.03,0.0,0.03,0.06,0.19,0.08
miles-norris,Tue 1/25,@CSUN,W72-45,32.0,11-13,84.6,9-10,90.0,0-0,0.0,5.0,1.0,0.0,0.0,1.0,1.0,31.0,0.16,0.03,0.0,0.0,0.03,0.97,0.03
miles-norris,Sat 1/15,@CSUF,L79-73,20.0,4-8,50.0,3-6,50.0,0-0,0.0,3.0,1.0,0.0,0.0,5.0,1.0,11.0,0.15,0.05,0.0,0.0,0.25,0.55,0.05
miles-norris,Thu 1/13,@LBSU,L65-58,26.0,4-10,40.0,0-3,0.0,2-4,50.0,5.0,0.0,1.0,1.0,1.0,1.0,10.0,0.19,0.0,0.038461538461538464,0.04,0.04,0.38,0.04
miles-norris,Thu 12/30,@UCSD,L85-83 OT,33.0,6-9,66.7,2-4,50.0,6-7,85.7,5.0,4.0,1.0,0.0,3.0,3.0,20.0,0.15,0.12,0.030303030303030304,0.0,0.09,0.61,0.09
miles-norris,Wed 12/22,vsIDST,W56-43,32.0,2-6,33.3,1-3,33.3,0-0,0.0,3.0,2.0,0.0,0.0,1.0,1.0,5.0,0.09,0.06,0.0,0.0,0.03,0.16,0.03
miles-norris,Sun 12/19,vsFAMU,W73-62,32.0,4-10,40.0,0-2,0.0,2-2,100.0,7.0,0.0,0.0,0.0,1.0,3.0,10.0,0.22,0.0,0.0,0.0,0.03,0.31,0.09
miles-norris,Tue 12/14,@PAC,L80-71 OT,39.0,3-10,30.0,2-7,28.6,3-7,42.9,3.0,0.0,0.0,0.0,3.0,3.0,11.0,0.08,0.0,0.0,0.0,0.08,0.28,0.08
miles-norris,Sat 12/11,@SMC,L80-59,23.0,0-3,0.0,0-2,0.0,2-2,100.0,3.0,1.0,0.0,1.0,1.0,1.0,2.0,0.13,0.04,0.0,0.04,0.04,0.09,0.04
miles-norris,Sun 12/5,vsCLU,W87-66,19.0,2-2,100.0,0-0,0.0,2-2,100.0,6.0,1.0,1.0,1.0,0.0,3.0,6.0,0.32,0.05,0.05263157894736842,0.05,0.0,0.32,0.16
miles-norris,Fri 12/3,vsPEPP,W86-74,22.0,4-9,44.4,0-2,0.0,5-8,62.5,9.0,1.0,0.0,2.0,4.0,2.0,13.0,0.41,0.05,0.0,0.09,0.18,0.59,0.09
miles-norris,Mon 11/29,vsUTA,L70-62,25.0,2-6,33.3,0-3,0.0,3-4,75.0,5.0,2.0,0.0,0.0,3.0,2.0,7.0,0.2,0.08,0.0,0.0,0.12,0.28,0.08
miles-norris,Wed 11/24,vsUAPB,W86-58,24.0,5-10,50.0,3-5,60.0,0-0,0.0,6.0,2.0,0.0,0.0,1.0,1.0,13.0,0.25,0.08,0.0,0.0,0.04,0.54,0.04
miles-norris,Sat 11/20,vsCHIC,W81-50,22.0,4-9,44.4,0-3,0.0,2-2,100.0,6.0,0.0,2.0,1.0,1.0,2.0,10.0,0.27,0.0,0.09090909090909091,0.05,0.05,0.45,0.09
miles-norris,Mon 11/15,@WSU,L73-65,32.0,1-6,16.7,0-2,0.0,0-0,0.0,5.0,0.0,1.0,1.0,0.0,1.0,2.0,0.16,0.0,0.03125,0.03,0.0,0.06,0.03
miles-norris,Wed 11/10,vsSFSU,W119-65,17.0,5-9,55.6,0-2,0.0,4-4,100.0,8.0,2.0,1.0,0.0,4.0,3.0,14.0,0.47,0.12,0.058823529411764705,0.0,0.24,0.82,0.18
robinson-idehen,Fri 3/11,vsLBSU,L67-64,12.0,3-4,75.0,0-0,0.0,0-1,0.0,2.0,0.0,1.0,1.0,1.0,1.0,6.0,0.17,0.0,0.08333333333333333,0.08,0.08,0.5,0.08
robinson-idehen,Thu 3/10,vsUCI,W78-69,8.0,1-2,50.0,0-0,0.0,0-0,0.0,2.0,0.0,0.0,0.0,2.0,0.0,2.0,0.25,0.0,0.0,0.0,0.25,0.25,0.0
robinson-idehen,Thu 3/3,vsHAW,W67-60,9.0,3-4,75.0,0-0,0.0,2-2,100.0,1.0,0.0,0.0,0.0,2.0,0.0,8.0,0.11,0.0,0.0,0.0,0.22,0.89,0.0
robinson-idehen,Tue 3/1,vsCSUN,W70-61,18.0,0-0,0.0,0-0,0.0,0-0,0.0,3.0,0.0,0.0,0.0,0.0,2.0,0.0,0.17,0.0,0.0,0.0,0.0,0.0,0.11
robinson-idehen,Sat 2/26,@UCR,W97-90 2OT,11.0,3-4,75.0,0-0,0.0,0-2,0.0,2.0,0.0,0.0,0.0,3.0,0.0,6.0,0.18,0.0,0.0,0.0,0.27,0.55,0.0
robinson-idehen,Thu 2/24,@UCD,W76-69 OT,11.0,1-1,100.0,0-0,0.0,0-0,0.0,4.0,1.0,0.0,0.0,1.0,0.0,2.0,0.36,0.09,0.0,0.0,0.09,0.18,0.0
robinson-idehen,Sat 2/19,vsLBSU,W84-71,19.0,1-2,50.0,0-0,0.0,0-0,0.0,4.0,0.0,1.0,0.0,1.0,0.0,2.0,0.21,0.0,0.05263157894736842,0.0,0.05,0.11,0.0
robinson-idehen,Thu 2/17,vsCSUF,L67-58,17.0,3-3,100.0,0-0,0.0,2-3,66.7,3.0,0.0,0.0,1.0,2.0,1.0,8.0,0.18,0.0,0.0,0.06,0.12,0.47,0.06
robinson-idehen,Sat 2/12,@CP,W69-64,11.0,0-0,0.0,0-0,0.0,1-2,50.0,1.0,0.0,0.0,0.0,5.0,1.0,1.0,0.09,0.0,0.0,0.0,0.45,0.09,0.09
robinson-idehen,Thu 2/10,@CSUB,W74-62,15.0,1-1,100.0,0-0,0.0,0-6,0.0,3.0,0.0,1.0,0.0,5.0,3.0,2.0,0.2,0.0,0.06666666666666667,0.0,0.33,0.13,0.2
robinson-idehen,Sat 2/5,vsUCSD,W84-48,15.0,5-5,100.0,0-0,0.0,1-2,50.0,6.0,1.0,1.0,1.0,3.0,2.0,11.0,0.4,0.07,0.06666666666666667,0.07,0.2,0.73,0.13
robinson-idehen,Thu 2/3,vsUCI,L53-52,9.0,0-2,0.0,0-0,0.0,0-0,0.0,2.0,0.0,0.0,0.0,0.0,0.0,0.0,0.22,0.0,0.0,0.0,0.0,0.0,0.0
robinson-idehen,Sat 1/29,@HAW,L65-62,8.0,2-3,66.7,0-0,0.0,0-0,0.0,0.0,0.0,0.0,0.0,4.0,2.0,4.0,0.0,0.0,0.0,0.0,0.5,0.5,0.25
robinson-idehen,Tue 1/25,@CSUN,W72-45,13.0,0-2,0.0,0-0,0.0,1-2,50.0,2.0,0.0,1.0,0.0,1.0,2.0,1.0,0.15,0.0,0.07692307692307693,0.0,0.08,0.08,0.15
robinson-idehen,Sat 1/15,@CSUF,L79-73,21.0,4-6,66.7,0-0,0.0,1-2,50.0,5.0,1.0,1.0,0.0,3.0,2.0,9.0,0.24,0.05,0.047619047619047616,0.0,0.14,0.43,0.1
robinson-idehen,Thu 1/13,@LBSU,L65-58,22.0,2-5,40.0,0-0,0.0,0-0,0.0,4.0,0.0,2.0,1.0,4.0,0.0,4.0,0.18,0.0,0.09090909090909091,0.05,0.18,0.18,0.0
robinson-idehen,Wed 12/22,vsIDST,W56-43,17.0,3-5,60.0,0-0,0.0,1-2,50.0,2.0,1.0,1.0,0.0,1.0,1.0,7.0,0.12,0.06,0.058823529411764705,0.0,0.06,0.41,0.06
robinson-idehen,Sun 12/19,vsFAMU,W73-62,17.0,3-5,60.0,0-0,0.0,2-5,40.0,3.0,0.0,0.0,0.0,1.0,0.0,8.0,0.18,0.0,0.0,0.0,0.06,0.47,0.0
robinson-idehen,Tue 12/14,@PAC,L80-71 OT,18.0,3-5,60.0,0-0,0.0,2-2,100.0,5.0,0.0,0.0,0.0,1.0,1.0,8.0,0.28,0.0,0.0,0.0,0.06,0.44,0.06
robinson-idehen,Sat 12/11,@SMC,L80-59,18.0,4-8,50.0,0-0,0.0,0-0,0.0,3.0,0.0,0.0,2.0,3.0,2.0,8.0,0.17,0.0,0.0,0.11,0.17,0.44,0.11
robinson-idehen,Sun 12/5,vsCLU,W87-66,16.0,3-6,50.0,0-0,0.0,0-0,0.0,7.0,0.0,2.0,0.0,1.0,1.0,6.0,0.44,0.0,0.125,0.0,0.06,0.38,0.06
robinson-idehen,Fri 12/3,vsPEPP,W86-74,21.0,3-4,75.0,0-0,0.0,2-3,66.7,5.0,0.0,2.0,0.0,1.0,0.0,8.0,0.24,0.0,0.09523809523809523,0.0,0.05,0.38,0.0
robinson-idehen,Mon 11/29,vsUTA,L70-62,19.0,4-5,80.0,0-0,0.0,3-4,75.0,4.0,0.0,2.0,0.0,2.0,1.0,11.0,0.21,0.0,0.10526315789473684,0.0,0.11,0.58,0.05
robinson-idehen,Wed 11/24,vsUAPB,W86-58,13.0,4-6,66.7,0-0,0.0,5-6,83.3,0.0,0.0,1.0,0.0,2.0,2.0,13.0,0.0,0.0,0.07692307692307693,0.0,0.15,1.0,0.15
robinson-idehen,Sat 11/20,vsCHIC,W81-50,16.0,1-2,50.0,0-0,0.0,1-2,50.0,4.0,0.0,5.0,0.0,3.0,3.0,3.0,0.25,0.0,0.3125,0.0,0.19,0.19,0.19
robinson-idehen,Mon 11/15,@WSU,L73-65,13.0,2-2,100.0,0-0,0.0,2-5,40.0,2.0,0.0,0.0,0.0,3.0,0.0,6.0,0.15,0.0,0.0,0.0,0.23,0.46,0.0
robinson-idehen,Wed 11/10,vsSFSU,W119-65,15.0,1-2,50.0,0-0,0.0,1-2,50.0,11.0,1.0,3.0,1.0,3.0,1.0,3.0,0.73,0.07,0.2,0.07,0.2,0.2,0.07
sekou-toure,Fri 3/11,vsLBSU,L67-64,12.0,1-2,50.0,0-1,0.0,0-0,0.0,1.0,4.0,0.0,0.0,3.0,0.0,2.0,0.08,0.33,0.0,0.0,0.25,0.17,0.0
sekou-toure,Thu 3/10,vsUCI,W78-69,5.0,0-1,0.0,0-0,0.0,0-2,0.0,1.0,0.0,0.0,0.0,2.0,0.0,0.0,0.2,0.0,0.0,0.0,0.4,0.0,0.0
sekou-toure,Thu 3/3,vsHAW,W67-60,2.0,0-0,0.0,0-0,0.0,0-0,0.0,0.0,0.0,0.0,0.0,0.0,0.0,0.0,0.0,0.0,0.0,0.0,0.0,0.0,0.0
sekou-toure,Tue 3/1,vsCSUN,W70-61,4.0,1-2,50.0,0-1,0.0,0-0,0.0,0.0,1.0,0.0,0.0,0.0,0.0,2.0,0.0,0.25,0.0,0.0,0.0,0.5,0.0
sekou-toure,Sat 2/26,@UCR,W97-90 2OT,11.0,1-1,100.0,0-0,0.0,0-0,0.0,1.0,0.0,0.0,1.0,0.0,2.0,2.0,0.09,0.0,0.0,0.09,0.0,0.18,0.18
sekou-toure,Thu 2/24,@UCD,W76-69 OT,4.0,0-1,0.0,0-0,0.0,2-2,100.0,4.0,0.0,0.0,0.0,0.0,0.0,2.0,1.0,0.0,0.0,0.0,0.0,0.5,0.0
sekou-toure,Sat 2/19,vsLBSU,W84-71,6.0,0-1,0.0,0-0,0.0,1-2,50.0,3.0,0.0,0.0,0.0,0.0,0.0,1.0,0.5,0.0,0.0,0.0,0.0,0.17,0.0
sekou-toure,Thu 2/17,vsCSUF,L67-58,7.0,0-2,0.0,0-2,0.0,0-0,0.0,1.0,0.0,0.0,0.0,1.0,0.0,0.0,0.14,0.0,0.0,0.0,0.14,0.0,0.0
sekou-toure,Sat 2/12,@CP,W69-64,8.0,0-0,0.0,0-0,0.0,0-0,0.0,0.0,0.0,1.0,2.0,1.0,2.0,0.0,0.0,0.0,0.125,0.25,0.12,0.0,0.25
sekou-toure,Thu 2/10,@CSUB,W74-62,15.0,1-2,50.0,0-0,0.0,0-0,0.0,1.0,1.0,0.0,0.0,4.0,1.0,2.0,0.07,0.07,0.0,0.0,0.27,0.13,0.07
sekou-toure,Sat 2/5,vsUCSD,W84-48,16.0,1-2,50.0,0-0,0.0,0-0,0.0,2.0,3.0,0.0,1.0,2.0,0.0,2.0,0.12,0.19,0.0,0.06,0.12,0.12,0.0
sekou-toure,Thu 2/3,vsUCI,L53-52,3.0,1-1,100.0,0-0,0.0,0-0,0.0,0.0,0.0,0.0,0.0,0.0,0.0,2.0,0.0,0.0,0.0,0.0,0.0,0.67,0.0
sekou-toure,Sat 1/29,@HAW,L65-62,14.0,0-2,0.0,0-1,0.0,0-0,0.0,4.0,1.0,0.0,1.0,0.0,0.0,0.0,0.29,0.07,0.0,0.07,0.0,0.0,0.0
sekou-toure,Tue 1/25,@CSUN,W72-45,14.0,1-3,33.3,0-1,0.0,0-2,0.0,3.0,1.0,0.0,0.0,2.0,0.0,2.0,0.21,0.07,0.0,0.0,0.14,0.14,0.0
sekou-toure,Sat 1/15,@CSUF,L79-73,16.0,2-3,66.7,1-2,50.0,0-0,0.0,2.0,2.0,0.0,0.0,1.0,1.0,5.0,0.12,0.12,0.0,0.0,0.06,0.31,0.06
sekou-toure,Thu 1/13,@LBSU,L65-58,20.0,1-1,100.0,0-0,0.0,3-4,75.0,2.0,0.0,0.0,0.0,3.0,0.0,5.0,0.1,0.0,0.0,0.0,0.15,0.25,0.0
sekou-toure,Thu 12/30,@UCSD,L85-83 OT,36.0,3-6,50.0,0-1,0.0,1-2,50.0,8.0,2.0,0.0,0.0,5.0,2.0,7.0,0.22,0.06,0.0,0.0,0.14,0.19,0.06
sekou-toure,Wed 12/22,vsIDST,W56-43,7.0,1-1,100.0,0-0,0.0,0-2,0.0,3.0,2.0,0.0,0.0,1.0,2.0,2.0,0.43,0.29,0.0,0.0,0.14,0.29,0.29
sekou-toure,Sun 12/19,vsFAMU,W73-62,13.0,4-5,80.0,0-1,0.0,2-3,66.7,7.0,0.0,0.0,0.0,1.0,0.0,10.0,0.54,0.0,0.0,0.0,0.08,0.77,0.0
sekou-toure,Tue 12/14,@PAC,L80-71 OT,4.0,0-0,0.0,0-0,0.0,0-0,0.0,2.0,0.0,0.0,0.0,1.0,1.0,0.0,0.5,0.0,0.0,0.0,0.25,0.0,0.25
sekou-toure,Sat 12/11,@SMC,L80-59,10.0,2-3,66.7,0-0,0.0,0-0,0.0,0.0,0.0,0.0,0.0,1.0,0.0,4.0,0.0,0.0,0.0,0.0,0.1,0.4,0.0
sekou-toure,Sun 12/5,vsCLU,W87-66,15.0,1-5,20.0,0-3,0.0,0-0,0.0,6.0,2.0,1.0,0.0,0.0,0.0,2.0,0.4,0.13,0.06666666666666667,0.0,0.0,0.13,0.0
sekou-toure,Fri 12/3,vsPEPP,W86-74,7.0,0-1,0.0,0-0,0.0,2-2,100.0,2.0,0.0,0.0,0.0,1.0,1.0,2.0,0.29,0.0,0.0,0.0,0.14,0.29,0.14
sekou-toure,Mon 11/29,vsUTA,L70-62,3.0,0-0,0.0,0-0,0.0,0-0,0.0,0.0,0.0,0.0,0.0,0.0,0.0,0.0,0.0,0.0,0.0,0.0,0.0,0.0,0.0
sekou-toure,Wed 11/24,vsUAPB,W86-58,13.0,2-3,66.7,1-1,100.0,0-0,0.0,7.0,1.0,0.0,0.0,3.0,4.0,5.0,0.54,0.08,0.0,0.0,0.23,0.38,0.31
sekou-toure,Sat 11/20,vsCHIC,W81-50,11.0,0-1,0.0,0-1,0.0,3-4,75.0,4.0,0.0,0.0,1.0,0.0,0.0,3.0,0.36,0.0,0.0,0.09,0.0,0.27,0.0
sekou-toure,Mon 11/15,@WSU,L73-65,9.0,2-2,100.0,0-0,0.0,0-0,0.0,1.0,0.0,0.0,0.0,1.0,2.0,4.0,0.11,0.0,0.0,0.0,0.11,0.44,0.22
sekou-toure,Wed 11/10,vsSFSU,W119-65,18.0,2-5,40.0,0-0,0.0,0-2,0.0,4.0,3.0,0.0,0.0,4.0,2.0,4.0,0.22,0.17,0.0,0.0,0.22,0.22,0.11
